﻿<?xml version="1.0" encoding="utf-8" ?>
<Defs>

  <ThingDef Name="ApparelJBase" Abstract="True">
    <thingClass>Apparel</thingClass>
    <category>Item</category>
    <selectable>True</selectable>
    <pathCost>10</pathCost>
    <useHitPoints>True</useHitPoints>
		<techLevel>Medieval</techLevel>
    <graphicData>
      <onGroundRandomRotateAngle>35</onGroundRandomRotateAngle>
    </graphicData>
    <drawGUIOverlay>true</drawGUIOverlay>
    <statBases>
      <MaxHitPoints>100</MaxHitPoints>
      <Flammability>1.0</Flammability>
      <DeteriorationRate>2</DeteriorationRate>
			<Beauty>-4</Beauty>
			<SellPriceFactor>0.70</SellPriceFactor>
		</statBases>
    <altitudeLayer>Item</altitudeLayer>
    <alwaysHaulable>True</alwaysHaulable>
    <tickerType>Never</tickerType>
    <comps>
      <li Class="CompProperties_Forbiddable"/>
      <li>
        <compClass>CompColorable</compClass>
      </li>
      <li>
        <compClass>CompQuality</compClass>
      </li>
    </comps>
  </ThingDef>

  <!-- ============================ Armor ========================== -->

	<ThingDef ParentName="ApparelJBase">
    <defName>Jaffa_Armor</defName>
    <label>Jaffa Armor</label>
    <description>Powerful Jaffa armor used by the warriors of every Goa'uld.</description>
    <techLevel>Ultra</techLevel>
    <graphicData>
      <texPath>Things/Item/Equipment/Apparel/Jaffa_Armor</texPath>
      <graphicClass>Graphic_Single</graphicClass>
    </graphicData>
    <statBases>
      <MaxHitPoints>200</MaxHitPoints>
      <MarketValue>2250</MarketValue>
      <Mass>15</Mass>
      <ArmorRating_Blunt>0.35</ArmorRating_Blunt>
      <ArmorRating_Sharp>0.65</ArmorRating_Sharp>
      <ArmorRating_Heat>0.30</ArmorRating_Heat>
      <Insulation_Cold>25</Insulation_Cold>
    </statBases>
    <equippedStatOffsets>
      <MoveSpeed>-0.10</MoveSpeed>
      <WorkSpeedGlobal>-0.10</WorkSpeedGlobal>
    </equippedStatOffsets>
    <thingCategories>
      <li>Apparel</li>
    </thingCategories>
    <apparel>
      <bodyPartGroups>
        <li>Torso</li>
        <li>Shoulders</li>
        <li>Arms</li>
        <li>Legs</li>
      </bodyPartGroups>
      <wornGraphicPath>Things/Item/Equipment/Apparel/Jaffa_Armor</wornGraphicPath>
      <layers>
        <li>Middle</li>
        <li>Shell</li>
      </layers>
      <tags>
        <li>JaffaArmor</li>
      </tags>
      <defaultOutfitTags>
        <li>JaffaWarrior</li>
        <li>JaffaGuard</li>
      </defaultOutfitTags>
    </apparel>
  </ThingDef>
  
  <!-- ============================ Headwear Base ========================== -->

  <ThingDef Name="HatBaseJaffa" ParentName="ApparelJBase" Abstract="True">
	<statBases>
		<MaxHitPoints>80</MaxHitPoints>
		<Mass>2</Mass>
		<ArmorRating_Blunt>0.1</ArmorRating_Blunt>
		<ArmorRating_Sharp>0.25</ArmorRating_Sharp>
    </statBases>
    <equippedStatOffsets>
		<MoveSpeed>-0.04</MoveSpeed>
		<PsychicSensitivity>-0.10</PsychicSensitivity>
    </equippedStatOffsets>
    <apparel>
		<bodyPartGroups>
			<li>UpperHead</li>
		</bodyPartGroups>
		<layers>
			<li>Overhead</li>
		</layers>
    </apparel>
    <thingCategories>
      <li>Headgear</li>
    </thingCategories>
  </ThingDef>
  
  <!-- ============================ Headwear ========================== -->
  
  <ThingDef ParentName="HatBaseJaffa">
    <defName>Jaffa_Helmet</defName>
    <label>Jaffa Helmet</label>
    <description>This basic Jaffa helmet doesn't offer a great protection but this helmet is light.</description>
    <graphicData>
      <texPath>Things/Item/Equipment/Apparel/Jaffa_Helmet</texPath>
      <graphicClass>Graphic_Single</graphicClass>
    </graphicData>
    <apparel>
      <wornGraphicPath>Things/Item/Equipment/Apparel/Jaffa_Helmet</wornGraphicPath>
      <tags>
        <li>JaffaWarriorArmor</li>
      </tags>
      <defaultOutfitTags>
        <li>JaffaWarrior</li>
      </defaultOutfitTags>
    </apparel>
  </ThingDef>
  
  <!-- ============================ Headwear Guard Base ========================== -->
 
    <ThingDef Name="Jaffa_GuardHelmet" ParentName="HatBaseJaffa" Abstract="True">
    <statBases>
		<MaxHitPoints>120</MaxHitPoints>
		<Mass>4</Mass>
		<ArmorRating_Blunt>0.40</ArmorRating_Blunt>
		<ArmorRating_Sharp>0.60</ArmorRating_Sharp>
    </statBases>
    <equippedStatOffsets>
		<MoveSpeed>-0.08</MoveSpeed>
		<PsychicSensitivity>-0.20</PsychicSensitivity>
    </equippedStatOffsets>
    <apparel>
      <bodyPartGroups>
        <li>FullHead</li>
      </bodyPartGroups>
		<layers>
			<li>Overhead</li>
		</layers>
    </apparel>
  </ThingDef>
  
  <!-- ============================ Headwear Guard ========================== -->
 
    <ThingDef ParentName="Jaffa_GuardHelmet">
    <defName>Jaffa_HorusHelmet</defName>
    <label>Horus Guard Helmet</label>
    <description>This helmet is worn by the Horus Guards lead by the Goa'uld Ra.</description>
    <graphicData>
		<texPath>Things/Item/Equipment/Apparel/Horus_Helmet</texPath>
		<graphicClass>Graphic_Single</graphicClass>
    </graphicData>
    <apparel>
		<wornGraphicPath>Things/Item/Equipment/Apparel/Horus_Helmet</wornGraphicPath>
      <tags>
        <li>JaffaHorus</li>
      </tags>
      <defaultOutfitTags>
        <li>JaffaHorusGuard</li>
      </defaultOutfitTags>
    </apparel>
  </ThingDef>
  
    <ThingDef ParentName="Jaffa_GuardHelmet">
    <defName>Jaffa_JackalHelmet</defName>
    <label>Jackal Guard Helmet</label>
    <description>This Jackal-shaped helmet is worn by the Jackal Guards lead by the Goa'uld Anubis.</description>
    <graphicData>
		<texPath>Things/Item/Equipment/Apparel/Jackal_Helmet</texPath>
		<graphicClass>Graphic_Single</graphicClass>
    </graphicData>
    <apparel>
		<wornGraphicPath>Things/Item/Equipment/Apparel/Jackal_Helmet</wornGraphicPath>
      <tags>
        <li>JaffaJackal</li>
      </tags>
      <defaultOutfitTags>
        <li>JaffaJackalGuard</li>
      </defaultOutfitTags>		
    </apparel>
  </ThingDef>
  
    <ThingDef ParentName="Jaffa_GuardHelmet">
    <defName>Jaffa_SnakeHelmet</defName>
    <label>Serpent Guard Helmet</label>
    <description>This Snake-shaped helmet is worn by the Serpent Guards lead by the Goa'uld Apophis.</description>
    <graphicData>
		<texPath>Things/Item/Equipment/Apparel/Serpant_Helmet</texPath>
		<graphicClass>Graphic_Single</graphicClass>
    </graphicData>
    <apparel>
		<wornGraphicPath>Things/Item/Equipment/Apparel/Serpant_Helmet</wornGraphicPath>
      <tags>
        <li>JaffaSnake</li>
      </tags>
      <defaultOutfitTags>
        <li>JaffaSnakeGuard</li>
      </defaultOutfitTags>		
    </apparel>
  </ThingDef>

</Defs>