﻿<?xml version="1.0" encoding="utf-8" ?>
<Defs>

  <!-- ============================ Goa'uld Faction Base ========================== -->

  <FactionDef Name="GoauldFactionBase" Abstract="True">
	<pawnsPlural>jaffas</pawnsPlural>
    <canSiege>false</canSiege>
    <hidden>true</hidden>
    <canStageAttacks>true</canStageAttacks>
    <leaderTitle>first prime</leaderTitle>
	<techLevel>Ultra</techLevel>
		<backstoryFilters>
			<li>
      <categories>
			<li>Civil</li>
      </categories>
      </li>
  	</backstoryFilters>
    <mustStartOneEnemy>true</mustStartOneEnemy>
    <earliestRaidDays>45</earliestRaidDays>
    <pawnNameMaker>NamerPersonJaffa</pawnNameMaker>
	<hairTags>
			<li>Urban</li>
      <li>Rural</li>
      <li>Tribal</li>
      <li>Punk</li>
	</hairTags>
    <startingGoodwill>
      <min>-100</min>
      <max>-90</max>
    </startingGoodwill>
    <naturalColonyGoodwill>
      <min>-100</min>
      <max>-80</max>
    </naturalColonyGoodwill>
    <allowedArrivalTemperatureRange>
      <min>-30</min>
      <max>40</max>
    </allowedArrivalTemperatureRange>
        <maxPawnCostPerTotalPointsCurve>
      <points>
        <li>(0,35)</li>
        <li>(70, 50)</li>
        <li>(700, 100)</li>
        <li>(1300, 150)</li>
        <li>(100000, 10000)</li>
      </points>
    </maxPawnCostPerTotalPointsCurve>
  </FactionDef>
  
  <!-- ============================ Goa'uld Factions ========================== -->
  
  <FactionDef ParentName="GoauldFactionBase">
	<defName>JaffaApophis</defName>
	<label>Serpent Jaffas</label>
    <description>Apophis was once an extremely powerful Goa'uld System Lord. The brother of the Supreme System Lord Ra, Apophis originally commanded a minor fleet, but he grew in strength to command the power of multiple System Lords that had been killed during his reign.</description>
    <fixedName>System Lord Apophis</fixedName>
    <requiredCountAtGameStart>1</requiredCountAtGameStart>
	<pawnGroupMakers>
      <li>
        <kindDef>Combat</kindDef>
        <commonality>100</commonality>
        <disallowedStrategies>
          <li>Siege</li>
        </disallowedStrategies>
        <options>
          <JaffaWarrior01>80</JaffaWarrior01>
          <SerpentGuard>150</SerpentGuard>
        </options>
      </li>
    </pawnGroupMakers>  
  </FactionDef>
  
  <FactionDef ParentName="GoauldFactionBase">
	<defName>JaffaAnubis</defName>
	<label>Jackal Jaffas</label>
    <description>Anubis was the most powerful and dangerous Goa'uld in history. Once a powerful System Lord, Anubis was banished by Ra and the others because his actions were deemed unspeakable, even among the Goa'uld. He was believed to have been destroyed, but managed to escape and trick Oma Desala into helping him to ascend.</description>
    <fixedName>System Lord Anubis</fixedName>	
    <requiredCountAtGameStart>1</requiredCountAtGameStart>
	<pawnGroupMakers>
      <li>
        <kindDef>Combat</kindDef>
        <commonality>100</commonality>
        <disallowedStrategies>
          <li>Siege</li>
        </disallowedStrategies>
        <options>
          <JaffaWarrior02>80</JaffaWarrior02>
          <JackalGuard>150</JackalGuard>
        </options>
      </li>
    </pawnGroupMakers>  
  </FactionDef>
  
  <FactionDef ParentName="GoauldFactionBase">
	<defName>JaffaRa</defName>
	<label>Horus Jaffas</label>
    <description>Ra was the Goa'uld System Lord who personified the Egyptian sun god, and the first to discover the Tau'ri. His mate was Hathor, by whom he had a son, Heru'ur, and his brother was Apophis. His elite Jaffa were the Horus Guards. Because of his power, authority, and cunning, Ra was the most powerful of the System Lords.</description>
    <fixedName>System Lord Ra</fixedName>	
    <requiredCountAtGameStart>1</requiredCountAtGameStart>
	<pawnGroupMakers>
      <li>
        <kindDef>Combat</kindDef>
        <commonality>100</commonality>
        <disallowedStrategies>
          <li>Siege</li>
        </disallowedStrategies>
        <options>
          <JaffaWarrior03>80</JaffaWarrior03>
          <HorusGuard>150</HorusGuard>
        </options>
      </li>
    </pawnGroupMakers>  
  </FactionDef>
  
</Defs>